1,/system/maintenance/button/main.html,views/admin/system-main-button.js,javascript,f,\N,yomo,2018-08-30 04:34:39.96889,yomo,2018-08-30 04:34:39.96889
1,template-03,jquery.handsontable.csv.js,javascript,f,\N,yomo,2018-04-12 06:51:41.352429,yomo,2018-04-12 06:51:41.352429
2,template-03,jquery/jquery-3.1.1.js,javascript,f,\N,yomo,2018-04-12 06:51:41.352429,yomo,2018-04-12 06:51:41.352429
3,template-03,semantic/dist/semantic.min.js,javascript,f,\N,yomo,2018-04-12 06:51:41.352429,yomo,2018-04-12 06:51:41.352429
4,template-03,/web-static/handsontable/v1/handsontable.js,javascript,f,\N,yomo,2018-04-12 06:51:41.352429,yomo,2018-04-12 06:51:41.352429
5,template-03,node_modules/lokijs/src/lokijs.js,javascript,f,\N,yomo,2018-04-12 06:51:41.352429,yomo,2018-04-12 06:51:41.352429
6,template-03,node_modules/lodash/lodash.js,javascript,f,\N,yomo,2018-04-12 06:51:41.352429,yomo,2018-04-12 06:51:41.352429
7,template-03,ruleJS/lib/underscore.string/lib/underscore.string.js,javascript,f,\N,yomo,2018-04-12 06:51:41.352429,yomo,2018-04-12 06:51:41.352429
8,template-03,ruleJS/lib/moment/moment.js,javascript,f,\N,yomo,2018-04-12 06:51:41.352429,yomo,2018-04-12 06:51:41.352429
9,template-03,ruleJS/lib/numeral/numeral.js,javascript,f,\N,yomo,2018-04-12 06:51:41.352429,yomo,2018-04-12 06:51:41.352429
10,template-03,ruleJS/lib/js-md5/js/md5.js,javascript,f,\N,yomo,2018-04-12 06:51:41.352429,yomo,2018-04-12 06:51:41.352429
11,template-03,ruleJS/dist/lib/jstat/jstat.js,javascript,f,\N,yomo,2018-04-12 06:51:41.352429,yomo,2018-04-12 06:51:41.352429
12,template-03,ruleJS/lib/formulajs/lib/formula.js,javascript,f,\N,yomo,2018-04-12 06:51:41.352429,yomo,2018-04-12 06:51:41.352429
13,template-03,ruleJS/dist/js/parser.js,javascript,f,\N,yomo,2018-04-12 06:51:41.352429,yomo,2018-04-12 06:51:41.352429
14,template-03,ruleJS/dist/js/ruleJS.js,javascript,f,\N,yomo,2018-04-12 06:51:41.352429,yomo,2018-04-12 06:51:41.352429
15,template-03,handsontable-ruleJS/src/handsontable.formula.js,javascript,f,\N,yomo,2018-04-12 06:51:41.352429,yomo,2018-04-12 06:51:41.352429
16,template-03,node_modules/socket.io-client/socket.io.js,javascript,f,\N,yomo,2018-04-12 06:51:41.352429,yomo,2018-04-12 06:51:41.352429
17,template-03,rxjs-cdn/Rx.js,javascript,f,\N,yomo,2018-04-12 06:51:41.352429,yomo,2018-04-12 06:51:41.352429
18,template-03,d3/d3-v4.10.min.js,javascript,f,\N,yomo,2018-04-12 06:51:41.352429,yomo,2018-04-12 06:51:41.352429
19,template-03,sql.js/js/sql.js,javascript,f,\N,yomo,2018-04-12 06:51:41.352429,yomo,2018-04-12 06:51:41.352429
20,template-03,semanticUiAlert-master/Semantic-UI-Alert.js,javascript,f,\N,yomo,2018-04-12 06:51:41.352429,yomo,2018-04-12 06:51:41.352429
21,template-03,yomojs/yomo.js,javascript,f,\N,yomo,2018-04-12 06:51:41.352429,yomo,2018-04-12 06:51:41.352429
22,template-03,pikaday/pikaday.js,javascript,f,\N,yomo,2018-04-12 06:51:41.352429,yomo,2018-04-12 06:51:41.352429
23,template-03,bootstrap-4.0.0-dist/js/bootstrap.min.js,javascript,f,\N,yomo,2018-04-12 06:51:41.352429,yomo,2018-04-12 06:51:41.352429
32,template-03,yomo-chart/build/tpl-chart.js,javascript,f,\N,yomo,2018-04-12 06:51:41.352429,yomo,2018-04-12 06:51:41.352429
33,template-03,treed/build/d3tree.js,javascript,f,\N,yomo,2018-04-12 06:51:41.352429,yomo,2018-04-12 06:51:41.352429
34,template-03,dict/yomo_web.js,javascript,f,test,yomo,2018-04-12 06:51:41.352429,yomo,2018-04-12 06:51:41.352429
101,template-03,semantic/dist/semantic.min.css,css,f,\N,yomo,2018-04-12 06:51:41.352429,yomo,2018-04-12 06:51:41.352429
102,template-03,/web-static/handsontable/v1/handsontable.css,css,t,\N,yomo,2018-04-12 06:51:41.352429,yomo,2018-04-12 06:51:41.352429
103,template-03,treed/build/d3tree.css,css,f,\N,yomo,2018-04-12 06:51:41.352429,yomo,2018-04-12 06:51:41.352429
105,template-03,semanticUiAlert-master/Semantic-UI-Alert.css,css,f,\N,yomo,2018-04-12 06:51:41.352429,yomo,2018-04-12 06:51:41.352429
106,template-03,pikaday/css/pikaday.css,css,f,\N,yomo,2018-04-12 06:51:41.352429,yomo,2018-04-12 06:51:41.352429
107,template-03,css/bootstrap-combined.min.css,css,f,\N,yomo,2018-04-12 06:51:41.352429,yomo,2018-04-12 06:51:41.352429
90101,/system/new-page/template-001/main.html,views/admin/system-new-page01.js,javascript,f,\N,yomo,2018-04-19 13:37:29.376947,yomo,2018-04-19 13:37:29.376947
90201,/system/maintenance/excel/main.html,views/admin/system-main-excel.js,javascript,f,\N,yomo,2018-04-19 11:20:08.485214,"yomo, current_timestamp",2018-04-19 11:20:08.485214
90301,/system/maintenance/ajax-request/main.html,views/admin/system-main-ajax-request.js,javascript,f,\N,yomo,2018-04-19 11:13:14.737696,yomo,2018-04-19 11:13:14.737696
35,template-03,https://apis.google.com/js/api.js,javascript,f,upgrade version 0.0.7,chou,2019-04-04 22:50:57.205763,yomo,2019-04-04 22:50:57.205763
36,template-03,/web-static/idtoken/v1/browserify-verifyIDToken.js,javascript,f,upgrade version 0.0.7,chou,2019-04-04 22:51:24.538779,yomo,2019-04-04 22:51:24.538779
37,template-03,common.js,javascript,f,upgrade version 0.0.7,chou,2019-04-04 22:51:40.433864,yomo,2019-04-04 22:51:40.433864
1,/example/excel/data-crypt/main.html,views/example/excel/data-crypt.js,javascript,f,\N,yomoweb,2019-04-05 00:59:26.632571,yomoweb,2019-04-05 00:59:26.632571
2,/example/excel/data-crypt/main.html,/web-static/crypto/v1/yomo-browserify-cryptoPublic.js,javascript,f,\N,yomoweb,2019-04-05 00:59:26.632571,yomoweb,2019-04-05 00:59:26.632571
1,/example/gapi/driver/main.html,views/example/excel/google-driver.js,javascript,f,\N,yomoweb,2019-04-05 01:02:37.895459,yomoweb,2019-04-05 01:02:37.895459
2,/example/gapi/driver/main.html,views/gapi-driver.js,javascript,f,\N,yomoweb,2019-04-05 01:04:02.369401,yomoweb,2019-04-05 01:04:02.369401
1,/example/excel/gapi-chat/main.html,views/example/excel/gapi-chat.js,javascript,f,\N,yomoweb,2019-04-08 07:11:56.849386,yomoweb,2019-04-08 07:11:56.849386
