90111,xls-menu-list,Menu List,excel,90111,,f,yomo,2018-04-11 09:46:28.657705,yomo,2018-04-11 09:46:45.757162
90211,xls-menu-list,Menu List,excel,90211,,f,yomo,2018-04-11 12:06:47.629299,yomo,2018-04-11 12:06:47.629299
90511,testName,Default Excel,excel,90511,,f,yomo,2018-04-18 10:20:01.11169,yomo,2018-04-18 10:20:01.11169
90611,testName,Default Excel,excel,90611,,f,yomo,2018-04-18 10:24:08.420275,yomo,2018-04-18 10:24:08.420275
90412,include-file,Include File,excel,90412,\N,f,yomo,2018-04-18 11:48:18.993673,yomo,2018-04-18 11:48:18.993673
90411,xls-menu-list,Menu List,excel,90411,,f,yomo,2018-04-18 10:16:13.668966,yomo,2018-04-18 10:16:13.668966
90311,xls-menu-list,Menu List,excel,90311,,f,yomo,2018-04-18 10:14:23.400936,yomo,2018-04-18 10:14:23.400936
90312,ajax-list,Ajax Request List,excel,90312,\N,f,yomo,2018-04-18 10:54:47.426683,yomo,2018-04-18 10:54:47.426683
90212,xls-list,Component List,excel,90212,,f,yomo,2018-04-12 03:23:06.459439,yomo,2018-04-12 03:23:06.459439
90213,xls-conf,Component Configuration,excel,90213,,f,yomo,2018-04-12 03:23:35.170623,yomo,2018-04-12 03:23:35.170623
90214,xls-cols,Component Col configuration,excel,90214,,f,yomo,2018-04-12 03:23:55.67678,yomo,2018-04-12 03:23:55.67678
90711,xls-menu-list,Menu List,excel,90711,,f,yomo_test,2018-08-28 08:33:54.101001,yomo_test,2018-08-28 08:33:54.101001
90712,xls-list,Button List,excel,90712,null,f,yomo_test,2018-08-28 08:38:04.15382,yomo_test,2018-08-28 08:38:04.15382
90713,xls-conf,Button Conf,excel,90713,null,f,yomo_test,2018-08-28 08:40:49.79854,yomo_test,2018-08-28 08:40:49.79854
95211,data-table,Employee Data,excel,95211,,f,yomo,2018-04-20 01:14:52.848561,yomo,2018-04-20 01:14:52.848561
95212,data-bar,Bar Chart,chart,95212,null,f,yomo,2018-04-20 01:34:41.079969,yomo,2018-04-20 01:34:41.079969
95311,data-pie,Employee,excel,95311,,f,yomo,2018-04-19 14:20:06.964621,yomo,2018-04-19 14:20:06.964621
95312,chart-pie,Chart Pie,chart,95312,null,f,yomo,2018-04-20 03:14:22.00324,yomo,2018-04-20 03:14:22.00324
95411,candlestick-data,Candle Stick Data,excel,95411,,f,yomo,2018-04-19 14:24:15.371305,yomo,2018-04-19 14:24:15.371305
95412,chart-candlestick,Chart Candlestick,chart,95412,\N,f,yomo,2018-04-20 03:44:36.238327,yomo,2018-04-20 03:44:36.238327
95511,gapi-driver,Connect Info,excel,95511,,f,yomo_test,2018-08-26 05:33:10.596389,yomo_test,2018-08-26 05:33:10.596389
95512,gapi-driver-data,Google Data,excel,95512,,f,yomo_test,2018-08-26 05:51:20.07092,yomo_test,2018-08-26 05:51:20.07092
95621,btn-encrypt,Encrypt Data,button,95621,\N,f,yomo_test,2018-08-28 11:51:02.022821,yomo_test,2018-08-28 11:51:02.022821
95622,btn-decrypt,Decrypt Data,button,95622,\N,f,yomo_test,2018-08-28 11:54:02.625001,yomo_test,2018-08-28 11:54:02.625001
95421,test,test button,button,95421,\N,f,yomo_test,2018-08-29 06:34:13.441253,yomo_test,2018-08-29 06:34:13.441253
95712,xlsUser,User,excel,95712,\N,f,yomoweb,2019-04-08 04:12:49.891499,yomoweb,2019-04-08 04:12:49.891499
95711,xlsGoldedPrice,Golden Price,excel,95711,,f,yomoweb,2019-04-05 00:21:31.156681,yomoweb,2019-04-05 00:21:31.156681
95611,en_data,Encrypt Data,excel,2,,f,yomo_test,2018-08-27 04:57:54.864039,yomo_test,2018-08-27 04:57:54.864039
95612,de_data,Decrypt Data,excel,1,null,f,yomo_test,2018-08-27 05:00:29.016863,yomo_test,2018-08-27 05:00:29.016863
95111,testName,Default Excel,excel,1,,f,yomo,2018-04-19 13:55:40.465733,yomo,2018-04-19 13:55:40.465733
95112,history,History,excel,2,\N,f,yomokf,2019-04-19 03:42:36.744685,yomokf,2019-04-19 03:42:36.744685
